"name","salary","Age","GS","MP","USG%","WS","PF","out","ovr"
"al farouq aminu",7680965,25,82,2341,16.9,4,171,90,91
"alan anderson",1315448,33,0,192,15.4,0.3,25,73,69
"alonzo gee",1400000,28,38,1632,9.2,1.9,169,65,70
"andre drummond",22116750,22,81,2666,24.1,7.4,245,47,86
"andre iguodala",14814815,33,0,1998,11.2,6.9,97,81,91
"anthony davis",22116750,22,61,2164,29.6,7.2,148,91,97
"anthony tolliver",3290000,31,9,1477,13.6,2.3,109,66,69
"aron baynes",4328000,30,2,1163,14.1,3,166,50,69
"arron afflalo",12500000,30,57,2371,17.9,2.7,142,78,75
"arron afflalo",2328652,31,45,1580,14.4,1.4,104,80,80
"bradley beal",23775506,23,77,2684,26.5,8.5,169,97,95
"brandan wright",5700000,28,2,212,15.4,0.7,21,55,75
"brice johnson",1331160,22,0,9,39.8,0,0,48,66
"brook lopez",21165675,27,73,2457,27.3,6.2,215,69,83
"bruno caboclo",1589640,20,1,43,16.9,-0.3,2,66,65
"buddy hield",3675480,23,55,1888,21.4,1.3,115,96,91
"carmelo anthony",26243760,32,74,2538,29.1,4.7,198,96,97
"chandler parsons",22116750,27,51,1799,20.5,4.3,114,80,79
"channing frye",7806971,32,32,1200,15.1,3,127,95,85
"channing frye",7420912,33,15,1398,19.3,3.7,138,78,82
"chris andersen",1551659,37,15,402,10.8,1.3,29,53,73
"cj watson",333334,32,9,1012,14.1,0.9,84,61,69
"clint capela",1296240,21,35,1471,16.1,4.4,190,30,70
"corey brewer",7600000,29,12,1669,17.8,1.2,168,71,76
"damian lillard",24328425,25,75,2676,31.3,9.2,165,96,97
"danilo gallinari",20559599,28,63,2134,19.9,6.9,93,82,81
"danny green",1e+07,29,68,1807,13.5,3.4,120,93,92
"dario saric",2422560,22,36,2129,24.6,1,162,82,83
"darrell arthur",8070175,27,16,1516,16.7,2.3,185,66,71
"darren collison",5229454,28,15,2219,19.2,5.2,142,82,79
"dennis schroder",15500000,23,78,2485,27.8,3.7,149,90,90
"deron williams",9e+06,31,63,2106,22,3.7,155,77,78
"derrick rose",21323250,27,66,2097,27.3,0.4,84,80,84
"devin harris",4228000,32,0,1280,17.9,2.5,124,73,74
"dewayne dedmon",2898000,26,20,705,15.2,2.4,109,42,71
"dirk nowitzki",2.5e+07,37,75,2364,25.5,6.8,161,91,84
"dragan bender",4468800,19,0,574,14.4,-0.3,74,59,70
"dwyane wade",23200000,34,73,2258,31.6,4.9,116,95,94
"emmanuel mudiay",3241800,19,66,2068,25.7,-2.1,141,61,75
"emmanuel mudiay",3381480,20,41,1406,22.6,0.2,95,69,78
"ersan ilyasova",8400000,28,56,1881,18.6,4.4,171,81,74
"ersan ilyasova",6e+06,29,52,2142,22.2,4.1,211,79,83
"evan turner",17131148,28,12,1658,18.5,1.2,121,71,77
"frank kaminsky",2730000,22,3,1708,17.1,3.3,126,75,73
"garrett temple",8e+06,29,43,1951,14,2.7,195,72,71
"garrett temple",8e+06,30,21,1728,14.2,2.2,141,63,70
"gary neal",72193,31,2,807,20.5,1.4,55,78,73
"gerald green",1410598,30,14,1557,19.8,1.7,123,76,76
"gerald henderson",1e+06,29,41,1667,17.9,2.1,129,68,71
"giannis antetokounmpo",22471910,22,80,2845,28.3,12.4,246,85,96
"hassan whiteside",22116750,26,43,2125,20.7,10.3,201,59,87
"henry ellenson",1780800,20,2,146,24.7,-0.2,6,53,65
"hollis thompson",442126,24,17,2154,16.2,1.2,187,74,71
"iman shumpert",9700000,25,5,1316,13.2,1.7,119,69,75
"isaiah thomas",6587132,26,79,2644,29.6,9.7,167,94,96
"isaiah thomas",6261395,27,76,2569,34,12.6,167,94,99
"ish smith",6e+06,27,53,2239,23.9,1.3,133,59,70
"jabari parker",5374320,20,72,2408,20.9,3.6,154,72,77
"jamychal green",8533333,26,75,2101,14.4,5.8,248,73,75
"jarrett jack",1551659,32,32,1027,21.7,0.9,77,77,75
"javale mcgee",1403611,28,2,370,21.1,1.1,49,42,72
"javale mcgee",2116955,29,10,739,23.8,3.5,109,51,88
"jodie meeks",6540000,28,0,43,23.1,0.1,2,78,74
"jodie meeks",3290000,29,10,738,19.4,1.1,41,80,77
"joe harris",1524305,25,11,1138,16.5,0.8,121,78,73
"john henson",11422536,26,39,1123,16.6,2.7,151,40,71
"jonas jerebko",4e+06,29,6,1232,11.4,2.1,122,57,69
"josh mcroberts",5782450,28,1,595,15,0.8,68,70,71
"jrue holiday",11286518,25,23,1831,28.9,3.4,148,80,79
"justin anderson",1514160,22,9,647,15.8,1.1,45,65,71
"justise winslow",2593440,19,8,2232,12.5,2.5,184,59,74
"kenneth faried",12921348,27,34,1296,18.3,4.6,124,53,88
"kentavious caldwell pope",17745894,23,75,2529,19.2,4.5,118,84,79
"kevon looney",1471382,20,4,447,13.4,1.4,64,47,67
"khris middleton",15200000,24,79,2852,23,6.1,204,84,79
"khris middleton",14100000,25,23,889,22.5,1.6,79,79,78
"kosta koufos",8393000,27,62,1419,15.3,2.6,172,38,70
"kristaps porzingis",4503600,21,65,2164,24.3,4.5,244,90,96
"kyle anderson",2151704,23,14,1020,12.1,2.7,63,61,69
"kyle korver",5239437,34,80,2401,13.7,4.1,161,92,79
"kyle korver",7e+06,35,22,1753,15.2,3.7,107,93,90
"langston galloway",6666667,25,2,1495,18.4,1.3,96,64,68
"leandro barbosa",5e+05,34,0,963,20,0.6,82,87,84
"luol deng",1.8e+07,30,73,2394,17.4,6.4,122,90,90
"malcolm brogdon",1312611,24,28,1982,18.5,4.1,140,91,88
"mason plumlee",14041096,26,64,2148,18.1,6,226,51,79
"meyers leonard",9904495,24,12,1222,15.5,1.4,172,73,82
"michael carter williams",3183526,24,37,1649,21.3,1.2,162,67,77
"mike miller",3500000,35,2,373,9.3,0.3,53,78,68
"mike muscala",5e+06,25,3,1237,14.8,3.4,97,55,68
"mike scott",3333334,27,0,1146,17.4,3.2,102,76,72
"miles plumlee",12500000,27,14,870,15.5,2.2,73,46,71
"monta ellis",10770000,30,81,2734,21.2,4.3,174,82,81
"myles turner",2569920,20,81,2541,19.5,8,262,83,91
"nick collison",3750000,35,4,699,10.6,0.8,107,64,73
"nick collison",2328652,36,0,128,10.1,0.4,17,66,80
"nick young",5192000,31,60,1556,19.5,3.2,137,82,83
"nikola pekovic",12100000,30,3,156,19.5,-0.1,22,55,77
"nikola vucevic",12250000,26,55,2163,24.8,4,180,66,81
"noah vonleh",2751360,20,56,1174,13,1.2,152,59,72
"norris cole",247991,27,23,1198,21.7,-0.1,102,70,72
"omri casspi",2106470,28,2,643,14.5,0.5,50,69,79
"pascal siakam",1312611,22,38,859,13.1,1.6,109,48,67
"paul george",18314532,25,81,2819,30.4,9.2,230,93,96
"phil pressey",35000,24,0,283,18.7,-0.1,28,59,68
"pj hairston",11534,23,52,1313,16.4,0.6,137,74,69
"rajon rondo",3300000,30,42,1843,17.8,2.3,144,92,95
"rakeem christmas",172552,25,0,219,13.1,0.5,37,37,65
"ramon sessions",2328652,30,1,811,20.1,0.9,43,68,70
"raul neto",937800,23,53,1499,17.2,1.8,122,62,70
"raul neto",1471382,24,0,346,14.8,0.7,48,68,69
"roy hibbert",5e+06,29,81,1878,12.9,2.2,252,53,77
"rudy gay",8406000,30,30,1013,25.8,1.8,79,81,83
"russell westbrook",28530608,28,81,2802,41.7,13.1,190,97,99
"ryan anderson",19578455,28,72,2116,17.9,5.2,142,85,84
"sean kilpatrick",980431,26,0,616,23.8,1,37,67,62
"sean kilpatrick",1524305,27,24,1754,23.9,1.4,118,87,79
"shabazz muhammad",3046299,23,0,1682,22.8,2.7,94,74,75
"shabazz muhammad",1577230,24,1,1516,21.5,2.7,86,61,70
"shaun livingston",5782450,30,3,1520,14.2,4.6,140,80,91
"shelvin mack",2433334,25,27,1058,23.3,1.3,72,73,72
"skal labissiere",1312611,20,12,612,21.3,1.3,64,80,82
"spencer dinwiddie",1524305,23,18,1334,14.1,2.8,119,65,66
"stephen curry",12112359,27,79,2700,32.6,17.9,161,98,99
"taj gibson",1.4e+07,31,71,1989,19.3,4,163,51,79
"tarik black",3290000,25,16,1091,15.7,2.4,173,30,65
"terrence jones",1050961,24,11,1044,19.3,1.5,86,63,75
"thabo sefolosha",5250000,32,42,1596,13.3,3.3,97,63,78
"tim duncan",1881250,39,60,1536,17.6,5.2,125,66,87
"tim hardaway",16500000,24,30,2154,22.5,4.8,103,91,95
"timofey mozgov",15280000,30,52,1104,16.8,1.1,133,43,70
"tj mcconnell",1471382,24,51,2133,14.4,3.8,139,69,75
"tj warren",2128920,22,4,1070,19.9,2.2,94,70,72
"tobias harris",17200000,23,74,2513,19.3,6.6,153,79,79
"toney douglas",603558,29,18,1262,19.4,2.5,131,64,68
"tony allen",5505618,34,57,1620,16.8,2.4,175,82,91
"trey burke",3386598,23,0,1366,25.3,2.1,86,72,73
"tristan thompson",16400000,25,78,2336,11.3,7.3,176,54,88
"tyler zeller",8e+06,26,3,710,23,1.7,97,62,76
"victor oladipo",2.1e+07,24,67,2222,21.4,4,155,73,79
"wayne ellington",6270000,29,13,1500,17.9,3.3,70,80,75
"wesley johnson",5881260,29,3,810,12.5,0.9,83,60,69
"will barton",3533333,26,19,1705,21.1,3.3,110,83,83
"yogi ferrell",1312611,23,29,1197,19.6,1.8,90,86,78
"zaza pachulia",2898000,31,69,2004,16.2,6,181,60,73
