"name","year","salary","Pos","Age","Tm","GS","MP","PER","TS%","TRB%","AST%","STL%","BLK%","TOV%","USG%","WS","BPM","VORP","FG","FG%","3P","3P%","2P","2P%","eFG%","FT","FT%","AST","PF","PTS"
"al farouq aminu","2016",7680965,"SF",25,"POR",82,2341,12.7,0.533,11.5,8.8,1.5,1.8,13.2,16.9,4,0.2,1.3,299,0.416,126,0.361,173,0.468,0.503,115,0.737,138,171,839
"alan anderson","2016",1315448,"SG",33,"WAS",0,192,9.2,0.495,7.9,10.3,1,0.4,3,15.4,0.3,-2.8,0,21,0.356,12,0.324,9,0.409,0.458,11,0.733,14,25,65
"alonzo gee","2016",1400000,"SF",28,"NOP",38,1632,8.4,0.572,8.3,6.2,1.9,0.7,16.2,9.2,1.9,-0.8,0.5,132,0.518,17,0.283,115,0.59,0.551,44,0.667,72,169,325
"andre drummond","2016",22116750,"C",22,"DET",81,2666,21.2,0.499,24.5,4.4,2.3,3.2,10.5,24.1,7.4,-0.5,1,552,0.521,2,0.333,550,0.522,0.522,208,0.355,67,245,1314
"andre iguodala","2017",14814815,"SF",33,"GSW",0,1998,14.4,0.624,8.3,16.7,1.8,1.5,11.2,11.2,6.9,3,2.5,219,0.528,64,0.362,155,0.651,0.605,72,0.706,262,97,574
"anthony davis","2016",22116750,"C",22,"NOP",61,2164,25,0.559,16.1,10,1.8,4.7,8.4,29.6,7.2,2.2,2.3,560,0.493,35,0.324,525,0.511,0.508,326,0.758,116,148,1481
"anthony tolliver","2017",3290000,"PF",31,"SAC",9,1477,11.1,0.595,9.3,7.7,1.1,1.2,12.6,13.6,2.3,-0.6,0.5,155,0.442,90,0.391,65,0.537,0.57,61,0.744,77,109,461
"aron baynes","2017",4328000,"C",30,"DET",2,1163,13.1,0.57,15.6,3.9,0.7,2.8,13.5,14.1,3,-1.8,0.1,143,0.513,0,0.271141901221455,143,0.513,0.513,79,0.84,32,166,365
"arron afflalo","2016",12500000,"SG",30,"NYK",57,2371,10.9,0.531,6.1,9.9,0.5,0.3,8.7,17.9,2.7,-2.4,-0.2,354,0.443,91,0.382,263,0.469,0.5,110,0.84,144,142,909
"arron afflalo","2017",2328652,"SG",31,"SAC",45,1580,9,0.559,4.6,7.4,0.7,0.4,8.4,14.4,1.4,-3.5,-0.6,185,0.44,62,0.411,123,0.457,0.514,83,0.892,78,104,515
"bradley beal","2017",23775506,"SG",23,"WAS",77,2684,20.1,0.604,5,16.2,1.5,0.7,9.6,26.5,8.5,2.2,2.8,637,0.482,223,0.404,414,0.538,0.566,282,0.825,267,169,1779
"brandan wright","2016",5700000,"PF",28,"MEM",2,212,18.3,0.663,11.6,4.7,1.2,6.6,13.8,15.4,0.7,0.9,0.2,35,0.673,0,0.271141901221455,35,0.673,0.673,13,0.542,6,21,83
"brice johnson","2017",1331160,"PF",22,"LAC",0,9,17.2,0.286,18.6,18.6,11.1,9.1,12.5,39.8,0,1.3,0,2,0.286,0,0.271141901221455,2,0.286,0.286,0,0.72928574087863,1,0,4
"brook lopez","2016",21165675,"C",27,"BRK",73,2457,21.7,0.562,13.1,10.8,1.2,4.1,11.6,27.3,6.2,1.3,2.1,591,0.511,2,0.143,589,0.515,0.512,317,0.787,147,215,1501
"bruno caboclo","2016",1589640,"SF",20,"TOR",1,43,-7.7,0.125,2.7,3.2,2.4,1.9,25,16.9,-0.3,-11.6,-0.1,1,0.083,1,0.143,0,0,0.125,0,0.72928574087863,1,2,3
"buddy hield","2017",3675480,"SG",23,"TOT",55,1888,11.8,0.54,7.8,10.3,1,0.4,11.2,21.4,1.3,-2.8,-0.4,327,0.426,148,0.391,179,0.46,0.522,64,0.842,121,115,866
"carmelo anthony","2017",26243760,"SF",32,"NYK",74,2538,17.9,0.535,9.3,14.5,1.2,1.1,9,29.1,4.7,-0.7,0.8,602,0.433,151,0.359,451,0.466,0.488,304,0.833,213,198,1659
"chandler parsons","2016",22116750,"SF",27,"DAL",51,1799,16.2,0.589,8.7,16,1.3,1,11.8,20.5,4.3,1.9,1.8,320,0.492,104,0.414,216,0.54,0.571,93,0.684,169,114,837
"channing frye","2016",7806971,"PF",32,"TOT",32,1200,12.9,0.586,10.9,8.7,1.2,1.9,10.6,15.1,3,0.5,0.7,152,0.438,91,0.387,61,0.545,0.569,30,0.857,71,127,425
"channing frye","2017",7420912,"C",33,"CLE",15,1398,15.6,0.612,11.4,4.9,1.2,2.1,8.8,19.3,3.7,-0.6,0.5,238,0.458,137,0.409,101,0.546,0.589,63,0.851,45,138,676
"chris andersen","2016",1551659,"C",37,"TOT",15,402,15.3,0.598,13.9,4.4,1.9,2.9,9.3,10.8,1.3,0.8,0.3,38,0.528,4,0.286,34,0.586,0.556,25,0.694,12,29,105
"cj watson","2017",333334,"PG",32,"ORL",9,1012,9.3,0.507,4.8,16.1,2.1,0.2,14.5,14.1,0.9,-3.6,-0.4,96,0.387,32,0.305,64,0.448,0.452,57,0.864,114,84,281
"clint capela","2016",1296240,"C",21,"HOU",35,1471,18.3,0.553,18.5,5.1,2,5.2,10.9,16.1,4.4,0.5,0.9,231,0.582,0,0,231,0.583,0.582,80,0.379,47,190,542
"corey brewer","2016",7600000,"SF",29,"HOU",12,1669,9.9,0.481,6.6,10,2.5,0.9,11.3,17.8,1.2,-3.1,-0.5,212,0.384,61,0.272,151,0.46,0.439,105,0.75,109,168,590
"damian lillard","2016",24328425,"PG",25,"POR",75,2676,22.2,0.56,6.1,33.6,1.2,0.8,12.6,31.3,9.2,3.7,3.8,618,0.419,229,0.375,389,0.45,0.497,414,0.892,512,165,1879
"danilo gallinari","2017",20559599,"SF",28,"DEN",63,2134,17.4,0.622,8.4,9.1,0.9,0.5,8.1,19.9,6.9,0.8,1.5,335,0.447,126,0.389,209,0.491,0.531,349,0.902,135,93,1145
"danny green","2017",1e+07,"SG",29,"SAS",68,1807,10.2,0.537,7,9.6,2,2.6,14.1,13.5,3.4,2.4,2,176,0.392,118,0.379,58,0.42,0.523,27,0.844,124,120,497
"dario saric","2017",2422560,"PF",22,"PHI",36,2129,12.8,0.508,13.3,14.3,1.3,1.1,15.2,24.6,1,-2.2,-0.1,381,0.411,106,0.311,275,0.469,0.468,172,0.782,182,162,1040
"darrell arthur","2016",8070175,"PF",27,"DEN",16,1516,12.5,0.514,10.7,10,1.8,2.6,11.4,16.7,2.3,-0.3,0.6,221,0.452,45,0.385,176,0.473,0.498,40,0.755,96,185,527
"darren collison","2016",5229454,"PG",28,"SAC",15,2219,15.9,0.591,4.1,21.7,1.6,0.1,12.9,19.2,5.2,-0.4,0.9,377,0.486,87,0.401,290,0.519,0.542,194,0.858,318,142,1035
"dennis schroder","2017",15500000,"PG",23,"ATL",78,2485,16.1,0.533,5.5,35.5,1.5,0.6,16.3,27.8,3.7,-0.7,0.8,548,0.451,100,0.34,448,0.486,0.492,218,0.855,499,149,1414
"deron williams","2016",9e+06,"PG",31,"DAL",63,2106,14.6,0.53,5,29.3,1.5,0.6,14.8,22,3.7,-0.1,1,321,0.414,97,0.344,224,0.454,0.477,179,0.869,378,155,918
"derrick rose","2016",21323250,"PG",27,"CHI",66,2097,13.5,0.479,5.6,25.5,1.1,0.5,13.4,27.3,0.4,-3.3,-0.7,447,0.427,44,0.293,403,0.449,0.448,142,0.793,311,84,1080
"devin harris","2016",4228000,"PG",32,"DAL",0,1280,13.1,0.559,5.9,14.5,2.4,0.8,13.2,17.9,2.5,0.3,0.7,167,0.447,52,0.329,115,0.532,0.516,101,0.721,118,124,487
"dewayne dedmon","2016",2898000,"C",26,"ORL",20,705,17,0.606,17.9,2.7,1.6,5.4,13.2,15.2,2.4,-1.3,0.1,99,0.559,0,0.271141901221455,99,0.559,0.559,57,0.75,13,109,255
"dirk nowitzki","2016",2.5e+07,"PF",37,"DAL",75,2364,19,0.555,11.4,10.1,1.1,1.8,6.4,25.5,6.8,0.9,1.7,498,0.448,126,0.368,372,0.483,0.504,250,0.893,132,161,1372
"dragan bender","2017",4468800,"PF",19,"PHO",0,574,5.3,0.44,9.7,5.5,0.8,3.1,16.2,14.4,-0.3,-4.3,-0.3,57,0.354,28,0.277,29,0.483,0.441,4,0.364,23,74,146
"dwyane wade","2016",23200000,"SG",34,"MIA",73,2258,20.3,0.517,7.6,27.4,1.8,1.4,13,31.6,4.9,0.8,1.6,540,0.456,7,0.159,533,0.468,0.459,322,0.793,344,116,1409
"emmanuel mudiay","2016",3241800,"PG",19,"DEN",66,2068,9.9,0.437,6.2,29,1.6,1.4,17.9,25.7,-2.1,-4.3,-1.2,329,0.364,74,0.319,255,0.379,0.404,140,0.67,372,141,872
"emmanuel mudiay","2017",3381480,"PG",20,"DEN",41,1406,10.9,0.483,7,21.8,1.4,0.7,16.5,22.6,0.2,-3.8,-0.6,208,0.377,56,0.315,152,0.408,0.428,131,0.784,217,95,603
"ersan ilyasova","2016",8400000,"PF",28,"TOT",56,1881,14.2,0.526,11.7,5.6,1.4,1.4,8.9,18.6,4.4,0.1,1,280,0.424,96,0.371,184,0.458,0.496,111,0.721,67,171,767
"ersan ilyasova","2017",6e+06,"PF",29,"TOT",52,2142,14.6,0.546,12.4,11,1.3,0.9,10.6,22.2,4.1,-0.5,0.8,384,0.431,142,0.353,242,0.496,0.511,161,0.778,141,211,1071
"evan turner","2017",17131148,"SF",28,"POR",12,1658,11.4,0.491,8.3,18.4,1.6,1.2,14.3,18.5,1.2,-2.6,-0.3,235,0.426,31,0.263,204,0.47,0.454,85,0.825,205,121,586
"frank kaminsky","2016",2730000,"C",22,"CHO",3,1708,12.5,0.513,10.7,9,1.1,2,8.9,17.1,3.3,-1.2,0.3,215,0.41,68,0.337,147,0.455,0.474,108,0.73,98,126,606
"garrett temple","2016",8e+06,"SF",29,"WAS",43,1951,9.3,0.52,6.1,10,1.7,0.7,10.3,14,2.7,-1,0.5,201,0.398,89,0.345,112,0.453,0.486,91,0.728,140,195,582
"garrett temple","2017",8e+06,"SG",30,"SAC",21,1728,11.2,0.545,6.1,14.5,2.5,1.5,14.4,14.2,2.2,0.3,1,183,0.424,82,0.373,101,0.476,0.519,58,0.784,169,141,506
"gary neal","2016",72193,"SG",31,"WAS",2,807,13.5,0.558,5.8,9.2,1.2,0.1,7.7,20.5,1.4,-2.8,-0.2,151,0.465,41,0.41,110,0.489,0.528,47,0.855,47,55,390
"gerald green","2016",1410598,"SG",30,"MIA",14,1557,10.1,0.491,5.9,5.6,1.3,0.9,6.8,19.8,1.7,-3,-0.4,230,0.392,84,0.323,146,0.446,0.463,72,0.783,56,123,616
"gerald henderson","2017",1e+06,"SG",29,"PHI",41,1667,10.8,0.529,6.1,10.5,1.2,0.7,9,17.9,2.1,-3.1,-0.5,234,0.423,61,0.353,173,0.455,0.478,133,0.806,112,129,662
"giannis antetokounmpo","2017",22471910,"SF",22,"MIL",80,2845,26.1,0.599,14.3,26.6,2.3,4.7,13.3,28.3,12.4,7.6,6.9,656,0.521,49,0.272,607,0.563,0.541,471,0.77,434,246,1832
"hassan whiteside","2016",22116750,"C",26,"MIA",43,2125,25.7,0.629,23.1,2.4,1.1,9.7,14.2,20.7,10.3,2.5,2.4,413,0.606,0,0.271141901221455,413,0.606,0.606,214,0.65,30,201,1040
"henry ellenson","2017",1780800,"PF",20,"DET",2,146,7.5,0.444,15.3,7.2,0.3,0.6,17.2,24.7,-0.2,-8.2,-0.2,23,0.359,10,0.286,13,0.448,0.438,4,0.5,7,6,60
"hollis thompson","2016",442126,"SG",24,"PHI",17,2154,9.2,0.525,6.9,7.4,0.8,0.8,9.5,16.2,1.2,-3.1,-0.6,270,0.397,149,0.38,121,0.42,0.507,69,0.719,99,187,758
"iman shumpert","2016",9700000,"SG",25,"CLE",5,1316,8.4,0.475,8.7,9.8,2.1,1.2,14.8,13.2,1.7,-0.2,0.6,114,0.374,43,0.295,71,0.447,0.444,40,0.784,92,119,311
"isaiah thomas","2016",6587132,"PG",26,"BOS",79,2644,21.5,0.562,4.9,32.7,1.7,0.3,11.9,29.6,9.7,3,3.3,591,0.428,167,0.359,424,0.462,0.488,474,0.871,509,167,1823
"isaiah thomas","2017",6261395,"PG",27,"BOS",76,2569,26.5,0.625,4.4,32.6,1.4,0.4,10.7,34,12.6,5.5,4.8,682,0.463,245,0.379,437,0.528,0.546,590,0.909,449,167,2199
"ish smith","2016",6e+06,"PG",27,"TOT",53,2239,14.9,0.465,7.5,38.3,1.9,0.8,14.4,23.9,1.3,-1.7,0.1,397,0.411,56,0.329,341,0.428,0.44,122,0.693,502,133,972
"jabari parker","2016",5374320,"PF",20,"MIL",72,2408,14.8,0.535,9.4,8.9,1.5,1,10.4,20.9,3.6,-2.4,-0.2,443,0.493,9,0.257,434,0.502,0.498,175,0.768,130,154,1070
"jamychal green","2017",8533333,"PF",26,"MEM",75,2101,13.5,0.601,14.8,6.3,1.1,1.5,14.1,14.4,5.8,0.6,1.4,250,0.5,55,0.379,195,0.549,0.555,134,0.802,84,248,689
"jarrett jack","2016",1551659,"PG",32,"BRK",32,1027,14.5,0.505,7.4,35,1.7,0.6,18.8,21.7,0.9,-1.4,0.2,140,0.391,31,0.304,109,0.426,0.434,100,0.893,236,77,411
"javale mcgee","2016",1403611,"C",28,"DAL",2,370,19.9,0.574,19.7,1.5,0.7,5.9,12.3,21.1,1.1,-3.5,-0.1,77,0.575,0,0,77,0.579,0.575,18,0.5,3,49,172
"javale mcgee","2017",2116955,"C",29,"GSW",10,739,25.2,0.642,18.1,3.8,1.2,7.1,9.8,23.8,3.5,0.8,0.5,208,0.652,0,0,208,0.66,0.652,56,0.505,17,109,472
"jodie meeks","2016",6540000,"SG",28,"DET",0,43,13.5,0.506,6.3,11.3,0,0,4.4,23.1,0.1,-4.1,0,7,0.35,4,0.444,3,0.273,0.45,4,1,3,2,22
"jodie meeks","2017",3290000,"SG",29,"ORL",10,738,13.1,0.567,5.7,9.3,2.3,0.4,11.1,19.4,1.1,-1.8,0,103,0.402,56,0.409,47,0.395,0.512,65,0.878,45,41,327
"joe harris","2017",1524305,"SG",25,"BRK",11,1138,9,0.558,6.8,7.3,1.2,0.5,12.5,16.5,0.8,-3,-0.3,154,0.425,85,0.385,69,0.489,0.543,35,0.714,54,121,428
"john henson","2017",11422536,"C",26,"MIL",39,1123,15.3,0.55,15.3,7.7,1.3,6.1,13,16.6,2.7,-0.1,0.5,159,0.515,0,0,159,0.516,0.515,74,0.692,57,151,392
"jonas jerebko","2017",4e+06,"PF",29,"BOS",6,1232,9.3,0.537,12.3,8.1,1,1.1,12.3,11.4,2.1,-2.1,0,114,0.435,45,0.346,69,0.523,0.521,26,0.703,71,122,299
"josh mcroberts","2016",5782450,"PF",28,"MIA",1,595,9.9,0.453,10,19.4,1.6,0.9,15.3,15,0.8,-1.4,0.1,55,0.372,12,0.245,43,0.434,0.412,28,0.7,81,68,150
"jrue holiday","2016",11286518,"PG",25,"NOP",23,1831,19.7,0.529,5.9,37.3,2.4,1,14,28.9,3.4,1.7,1.7,410,0.439,87,0.336,323,0.478,0.485,182,0.843,391,148,1089
"justin anderson","2016",1514160,"SF",22,"DAL",9,647,12.3,0.522,11.2,6.8,1.5,3.2,10.8,15.8,1.1,-1.2,0.1,71,0.406,22,0.265,49,0.533,0.469,44,0.8,29,45,208
"justise winslow","2016",2593440,"SF",19,"MIA",8,2232,8.4,0.489,10.2,7.4,1.6,0.9,15.6,12.5,2.5,-0.6,0.8,195,0.422,32,0.276,163,0.471,0.457,80,0.684,117,184,502
"kenneth faried","2017",12921348,"PF",27,"DEN",34,1296,20.3,0.588,19.7,6.3,1.6,2.4,10.4,18.3,4.6,0.8,0.9,228,0.548,0,0,228,0.556,0.548,131,0.693,55,124,587
"kentavious caldwell pope","2017",17745894,"SG",23,"DET",75,2529,12.8,0.519,5.3,11.2,1.8,0.4,7.9,19.2,4.5,0.9,1.9,370,0.399,153,0.35,217,0.442,0.481,154,0.832,193,118,1047
"kevon looney","2017",1471382,"C",20,"GSW",4,447,13.4,0.553,15.2,8.5,1.5,3,12.2,13.4,1.4,0.3,0.3,56,0.523,2,0.222,54,0.551,0.533,21,0.618,29,64,135
"khris middleton","2016",15200000,"SG",24,"MIL",79,2852,16.8,0.56,6,18.9,2.3,0.6,12.3,23,6.1,0.6,1.9,507,0.444,143,0.396,364,0.466,0.507,277,0.888,331,204,1434
"khris middleton","2017",14100000,"SF",25,"MIL",23,889,15,0.57,8.1,17.5,2.3,0.7,14.8,22.5,1.6,-0.5,0.3,150,0.45,45,0.433,105,0.459,0.518,81,0.88,99,79,426
"kosta koufos","2017",8393000,"C",27,"SAC",62,1419,13.8,0.56,16.4,5.3,1.3,3.1,12.7,15.3,2.6,-1.9,0,216,0.551,0,0,216,0.552,0.551,38,0.613,47,172,470
"kristaps porzingis","2017",4503600,"PF",21,"NYK",65,2164,17.4,0.546,11.8,7.3,1.1,4.9,9.7,24.3,4.5,0.2,1.2,443,0.45,112,0.357,331,0.493,0.507,198,0.786,97,244,1196
"kyle anderson","2017",2151704,"SG",23,"SAS",14,1020,12.5,0.525,11.5,12.4,2.5,2.1,14.3,12.1,2.7,1.6,0.9,93,0.445,15,0.375,78,0.462,0.481,45,0.789,91,63,246
"kyle korver","2016",5239437,"SG",34,"ATL",80,2401,9.7,0.578,5.9,9.9,1.2,1.1,13.3,13.7,4.1,-0.2,1.1,268,0.435,158,0.398,110,0.502,0.563,45,0.833,164,161,739
"kyle korver","2017",7e+06,"SG",35,"TOT",22,1753,12.1,0.635,5.9,9.4,1,1,11.5,15.2,3.7,-0.2,0.8,239,0.464,162,0.451,77,0.494,0.621,38,0.905,110,107,678
"langston galloway","2017",6666667,"PG",25,"TOT",2,1495,10.4,0.51,5.6,9.4,1.5,0.3,7.4,18.4,1.3,-2.6,-0.2,207,0.38,120,0.39,87,0.367,0.49,51,0.797,93,96,585
"leandro barbosa","2017",5e+05,"SG",34,"PHO",0,963,11.5,0.509,5.9,13,1.5,0.7,10.4,20,0.6,-4.1,-0.5,172,0.439,35,0.357,137,0.466,0.483,40,0.889,81,82,419
"luol deng","2016",1.8e+07,"PF",30,"MIA",73,2394,15,0.549,10.5,9,1.6,0.9,8.9,17.4,6.4,1.9,2.3,339,0.455,88,0.344,251,0.513,0.514,145,0.755,140,122,911
"malcolm brogdon","2017",1312611,"SG",24,"MIL",28,1982,14.9,0.555,6.3,24.3,2.2,0.5,14.1,18.5,4.1,-0.5,0.8,290,0.457,78,0.404,212,0.48,0.518,109,0.865,317,140,767
"mason plumlee","2017",14041096,"C",26,"TOT",64,2148,18.1,0.558,15.6,19.8,1.6,3.4,15.2,18.1,6,2.6,2.5,334,0.536,0,0,334,0.541,0.536,174,0.58,284,226,842
"meyers leonard","2017",9904495,"PF",24,"POR",12,1222,8.9,0.507,10.7,8.4,0.5,1.8,8.1,15.5,1.4,-3.4,-0.4,146,0.386,74,0.347,72,0.436,0.484,35,0.875,71,172,401
"michael carter williams","2016",3183526,"PG",24,"MIL",37,1649,13.9,0.497,9.6,26.6,2.5,2.1,19.6,21.3,1.2,-0.8,0.5,251,0.452,15,0.273,236,0.472,0.466,106,0.654,281,162,623
"mike miller","2016",3500000,"SF",35,"DEN",2,373,6.5,0.508,7.9,14.9,1.7,0.9,21.5,9.3,0.3,-2.7,-0.1,22,0.355,19,0.365,3,0.3,0.508,0,0.72928574087863,40,53,63
"mike muscala","2017",5e+06,"C",25,"ATL",3,1237,14.4,0.596,10.7,11.9,1.2,2.8,13.1,14.8,3.4,1.1,1,170,0.504,46,0.418,124,0.546,0.573,49,0.766,95,97,435
"mike scott","2016",3333334,"PF",27,"ATL",0,1146,14,0.575,9.8,10.5,1.1,1.2,9.4,17.4,3.2,-0.6,0.4,176,0.468,62,0.392,114,0.523,0.551,50,0.794,78,102,464
"miles plumlee","2016",12500000,"C",27,"MIL",14,870,17.4,0.606,15.2,2.9,1.2,4.9,13.4,15.5,2.2,-1.8,0,140,0.601,0,0.271141901221455,140,0.601,0.601,34,0.576,16,73,314
"monta ellis","2016",10770000,"SG",30,"IND",81,2734,13.7,0.504,5.4,22.2,2.7,1.1,15.4,21.2,4.3,0.3,1.6,436,0.427,87,0.309,349,0.472,0.47,162,0.786,383,174,1121
"myles turner","2017",2569920,"C",20,"IND",81,2541,18.5,0.585,13,6.6,1.5,6,9.5,19.5,8,2.4,2.8,444,0.511,40,0.348,404,0.536,0.534,245,0.809,106,262,1173
"nick collison","2016",3750000,"PF",35,"OKC",4,699,7.7,0.498,13.3,9.6,1.1,1.7,28.8,10.6,0.8,-1.2,0.1,50,0.459,0,0,50,0.467,0.459,23,0.697,52,107,123
"nick collison","2017",2328652,"PF",36,"OKC",0,128,12.8,0.622,13,13.2,0.8,1.2,13.1,10.1,0.4,-1.8,0,14,0.609,0,0,14,0.636,0.609,5,0.625,12,17,33
"nick young","2017",5192000,"SG",31,"LAL",60,1556,14.1,0.588,4.8,5.8,1.2,0.7,5.1,19.5,3.2,-0.7,0.5,272,0.43,170,0.404,102,0.481,0.564,77,0.856,58,137,791
"nikola pekovic","2016",12100000,"C",30,"MIN",3,156,6.5,0.459,7.8,10.7,0.3,0,13.3,19.5,-0.1,-8.2,-0.2,19,0.38,0,0.271141901221455,19,0.38,0.38,16,0.8,11,22,54
"nikola vucevic","2017",12250000,"C",26,"ORL",55,2163,19.1,0.498,19.6,16.9,1.8,2.8,9.6,24.8,4,1.1,1.7,483,0.468,23,0.307,460,0.481,0.48,107,0.669,208,180,1096
"noah vonleh","2016",2751360,"PF",20,"POR",56,1174,8.6,0.471,14.1,3.7,1.2,1.7,14.3,13,1.2,-4,-0.6,117,0.421,11,0.239,106,0.457,0.441,38,0.745,30,152,283
"norris cole","2016",247991,"PG",27,"NOP",23,1198,10.8,0.465,7,22,1.5,0.3,12.8,21.7,-0.1,-3.7,-0.5,196,0.405,33,0.324,163,0.427,0.439,52,0.8,167,102,477
"omri casspi","2017",2106470,"SF",28,"TOT",2,643,9.9,0.523,10.1,8.6,1.8,0.4,14,14.5,0.5,-3,-0.2,77,0.467,15,0.349,62,0.508,0.512,17,0.586,37,50,186
"pascal siakam","2017",1312611,"PF",22,"TOR",38,859,11.5,0.523,12.2,2.9,1.5,4.5,13.1,13.1,1.6,-1.1,0.2,103,0.502,1,0.143,102,0.515,0.505,22,0.688,17,109,229
"paul george","2016",18314532,"SF",25,"IND",81,2819,20.9,0.557,10.9,20.3,2.7,0.8,13.6,30.4,9.2,4.5,4.6,605,0.418,210,0.371,395,0.447,0.49,454,0.86,329,230,1874
"phil pressey","2016",35000,"PG",24,"TOT",0,283,10.6,0.433,6,40.7,3.1,1.1,27,18.7,-0.1,-6.4,-0.3,30,0.385,4,0.222,26,0.433,0.41,13,0.52,75,28,77
"pj hairston","2016",11534,"SF",23,"TOT",52,1313,6.9,0.47,7.3,4.4,1.2,0.7,8.6,16.4,0.6,-4.2,-0.7,145,0.355,70,0.29,75,0.449,0.441,50,0.781,38,137,410
"rajon rondo","2017",3300000,"PG",30,"CHI",42,1843,13.6,0.461,10.4,37,2.7,0.5,22.4,17.8,2.3,0.3,1.1,229,0.408,50,0.376,179,0.418,0.453,30,0.6,461,144,538
"rakeem christmas","2017",172552,"PF",25,"IND",0,219,10.4,0.529,14.4,2.5,0.7,2.4,12.5,13.1,0.5,-4.3,-0.1,19,0.442,0,0.271141901221455,19,0.442,0.442,21,0.724,4,37,59
"ramon sessions","2017",2328652,"PG",30,"CHO",1,811,12.3,0.495,4.9,24.2,1.6,0.3,12.7,20.1,0.9,-4.8,-0.6,100,0.38,21,0.339,79,0.393,0.42,91,0.771,129,43,312
"raul neto","2016",937800,"PG",23,"UTA",53,1499,10.2,0.53,4.7,18.7,2.2,0.1,19.5,17.2,1.8,-2.3,-0.1,180,0.431,64,0.395,116,0.453,0.507,52,0.743,174,122,476
"raul neto","2017",1471382,"PG",24,"UTA",0,346,10.7,0.527,5,15.1,3.2,1.2,13.6,14.8,0.7,-0.3,0.1,41,0.451,10,0.323,31,0.517,0.505,8,0.889,34,48,100
"roy hibbert","2016",5e+06,"C",29,"LAL",81,1878,11.2,0.507,11.4,8,0.9,4.6,13.8,12.9,2.2,-1.3,0.3,182,0.443,0,0,182,0.445,0.443,117,0.807,95,252,481
"rudy gay","2017",8406000,"SF",30,"SAC",30,1013,17.9,0.559,10.8,13.9,2.2,2.3,12.8,25.8,1.8,0.7,0.7,201,0.455,42,0.372,159,0.483,0.502,118,0.855,82,79,562
"russell westbrook","2017",28530608,"PG",28,"OKC",81,2802,30.6,0.554,17.1,57.3,2.3,0.9,15.9,41.7,13.1,15.6,12.4,824,0.425,200,0.343,624,0.459,0.476,710,0.845,840,190,2558
"ryan anderson","2017",19578455,"PF",28,"HOU",72,2116,13.5,0.583,8.5,4.7,0.7,0.5,6.2,17.9,5.2,-0.8,0.6,323,0.418,204,0.403,119,0.446,0.55,129,0.86,68,142,979
"sean kilpatrick","2016",980431,"SG",26,"TOT",0,616,15.6,0.576,5.1,8,1,0.3,9.4,23.8,1,-3,-0.2,123,0.456,39,0.342,84,0.538,0.528,60,0.896,29,37,345
"sean kilpatrick","2017",1524305,"SG",27,"BRK",24,1754,13.1,0.546,8.4,14.6,1.2,0.3,13.9,23.9,1.4,-3,-0.4,305,0.415,105,0.341,200,0.468,0.486,204,0.843,157,118,919
"shabazz muhammad","2016",3046299,"SF",23,"MIN",0,1682,15.2,0.548,9.2,5.2,0.7,0.3,8.2,22.8,2.7,-4.2,-0.9,317,0.465,44,0.289,273,0.516,0.498,185,0.764,52,94,863
"shabazz muhammad","2017",1577230,"SF",24,"MIN",1,1516,14.9,0.566,8.5,3.7,0.7,0.3,7.6,21.5,2.7,-4.4,-0.9,288,0.482,49,0.336,239,0.529,0.523,147,0.774,35,86,772
"shaun livingston","2016",5782450,"PG",30,"GSW",3,1520,13.8,0.581,6,21,1.8,1.3,15.7,14.2,4.6,-0.5,0.6,203,0.536,2,0.167,201,0.548,0.538,80,0.86,237,140,488
"shelvin mack","2016",2433334,"PG",25,"TOT",27,1058,13.6,0.507,7,30.6,1.7,0.2,17.7,23.3,1.3,-1.2,0.2,182,0.439,39,0.312,143,0.493,0.486,45,0.738,187,72,448
"skal labissiere","2017",1312611,"PF",20,"SAC",12,612,16.8,0.577,15.3,7.5,1.3,1.9,12.9,21.3,1.3,-2.6,-0.1,117,0.537,3,0.375,114,0.543,0.544,52,0.703,27,64,289
"spencer dinwiddie","2017",1524305,"PG",23,"BRK",18,1334,12.7,0.581,6.5,20.3,1.6,1.3,15.1,14.1,2.8,-0.9,0.4,134,0.444,38,0.376,96,0.478,0.507,126,0.792,185,119,432
"stephen curry","2016",12112359,"PG",27,"GSW",79,2700,31.5,0.669,8.6,33.7,3,0.4,12.9,32.6,17.9,12.5,9.8,805,0.504,402,0.454,403,0.566,0.63,363,0.908,527,161,2375
"taj gibson","2017",1.4e+07,"PF",31,"TOT",71,1989,15.1,0.543,13.2,5.9,1.1,2.6,11.9,19.3,4,-2.1,0,365,0.515,3,0.231,362,0.52,0.517,113,0.715,73,163,846
"tarik black","2017",3290000,"C",25,"LAL",16,1091,15,0.56,17.1,5.3,1.3,3.3,14.5,15.7,2.4,-1.6,0.1,150,0.51,1,0.5,149,0.51,0.512,82,0.752,39,173,383
"terrence jones","2016",1050961,"PF",24,"HOU",11,1044,13.5,0.519,11.1,6.3,1.1,3.1,10.5,19.3,1.5,-3.4,-0.4,166,0.452,25,0.316,141,0.49,0.486,77,0.664,41,86,434
"thabo sefolosha","2017",5250000,"SF",32,"ATL",42,1596,11.9,0.519,9.3,9.9,3,1.7,11.9,13.3,3.3,1.2,1.3,174,0.441,41,0.342,133,0.484,0.492,55,0.733,107,97,444
"tim duncan","2016",1881250,"C",39,"SAS",60,1536,16.9,0.523,16.6,15.3,1.6,3.9,15.3,17.6,5.2,4.1,2.4,215,0.488,0,0,215,0.49,0.488,92,0.702,163,125,522
"tim hardaway","2017",16500000,"SG",24,"ATL",30,2154,15.2,0.568,5.7,14.3,1.3,0.6,9.5,22.5,4.8,-0.3,0.9,415,0.455,149,0.357,266,0.537,0.537,164,0.766,182,103,1143
"timofey mozgov","2017",15280000,"C",30,"LAL",52,1104,12.3,0.553,13.1,5.9,0.7,2.3,16.6,16.8,1.1,-3.6,-0.4,169,0.515,0,0,169,0.517,0.515,63,0.808,43,133,401
"tj mcconnell","2017",1471382,"PG",24,"PHI",51,2133,13.7,0.504,6.5,37.5,3.1,0.4,22.4,14.4,3.8,-1.9,0,236,0.461,11,0.2,225,0.492,0.472,73,0.811,534,139,556
"tj warren","2016",2128920,"SF",22,"PHO",4,1070,15.7,0.549,7.5,7.2,1.7,1.2,6.4,19.9,2.2,-1.2,0.2,221,0.501,28,0.4,193,0.52,0.533,45,0.703,44,94,515
"tobias harris","2016",17200000,"PF",23,"TOT",74,2513,16.2,0.56,11.2,10.6,1.3,1.3,9.8,19.3,6.6,1,1.9,417,0.469,80,0.335,337,0.518,0.514,202,0.831,169,153,1116
"toney douglas","2016",603558,"PG",29,"NOP",18,1262,14.7,0.543,6.3,19.1,2.8,0.3,11.6,19.4,2.5,0.5,0.8,183,0.411,81,0.399,102,0.421,0.502,84,0.848,157,131,531
"tony allen","2016",5505618,"SG",34,"MEM",57,1620,12.9,0.505,10.4,6.9,3.5,1,12.8,16.8,2.4,-0.1,0.8,215,0.458,15,0.357,200,0.468,0.474,90,0.652,70,175,535
"trey burke","2016",3386598,"PG",23,"UTA",0,1366,14,0.507,4.8,19.7,1.4,0.4,10.7,25.3,2.1,-2,0,262,0.413,88,0.344,174,0.46,0.483,67,0.817,148,86,679
"tristan thompson","2017",16400000,"C",25,"CLE",78,2336,15.3,0.594,16.9,4.6,0.8,2.9,10.8,11.3,7.3,1.5,2.1,262,0.6,0,0,262,0.604,0.6,106,0.498,77,176,630
"tyler zeller","2016",8e+06,"C",26,"BOS",3,710,15.4,0.539,13.3,6.6,0.7,2.4,12,23,1.7,-4.4,-0.4,138,0.476,0,0.271141901221455,138,0.476,0.476,88,0.815,29,97,364
"victor oladipo","2017",2.1e+07,"SG",24,"OKC",67,2222,13.6,0.534,7.2,12.5,1.7,0.8,10.6,21.4,4,-1.3,0.4,412,0.442,127,0.361,285,0.491,0.51,116,0.753,176,155,1067
"wayne ellington","2017",6270000,"SG",29,"MIA",13,1500,12.6,0.565,4.9,7.1,1.2,0.2,5,17.9,3.3,-0.2,0.7,231,0.416,149,0.378,82,0.509,0.55,37,0.86,70,70,648
"wesley johnson","2017",5881260,"SF",29,"LAC",3,810,8.4,0.448,12.5,3.9,1.8,3,8,12.5,0.9,-1.8,0,73,0.365,29,0.246,44,0.537,0.438,11,0.647,23,83,186
"will barton","2017",3533333,"SG",26,"DEN",19,1705,15.5,0.547,8.4,17.7,1.4,1.3,11.5,21.1,3.3,0.3,1,295,0.443,87,0.37,208,0.483,0.508,143,0.753,206,110,820
"yogi ferrell","2017",1312611,"PG",23,"TOT",29,1197,13.1,0.533,5.3,23.2,1.8,0.7,13.9,19.6,1.8,-0.7,0.4,160,0.406,68,0.386,92,0.422,0.492,74,0.831,172,90,462
"zaza pachulia","2016",2898000,"C",31,"DAL",69,2004,16.2,0.55,19.7,9.7,1.6,0.9,16.8,16.2,6,1.4,1.7,219,0.466,0,0,219,0.469,0.466,212,0.768,128,181,650
